<included>
	<appender name="CUSTOM_CONSOLE_LOGGER" class="com.loyalty.utils.LogReplace">
		<encoder>
			<pattern>%d{yyyy-MM-dd HH:mm:ss.SSS} %-5level --- [%25.25thread] %-50.50logger{50} : %msg%n</pattern>
			<charset>utf8</charset>
		</encoder>
	</appender>
	<appender name="CUSTOM_FILE_LOGGER" class="com.loyalty.utils.FileLogReplace">
		<file>${LOG_FILE}</file>
		<rollingPolicy class="ch.qos.logback.core.rolling.TimeBasedRollingPolicy">
			<!-- daily rollover -->
			<fileNamePattern>${LOG_PATH}%d{yyyyMMdd}_${hostname}.log</fileNamePattern>

			<!-- keep 30 days' worth of history capped at 3GB total size -->
			<maxHistory>${max_history}</maxHistory>
			<totalSizeCap>${logging_size}</totalSizeCap>
		</rollingPolicy>

		<encoder>
			<pattern>%d{yyyy-MM-dd HH:mm:ss.SSS} %-5level --- [%25.25thread] %-20.20logger{20} : %msg%n</pattern>
		</encoder>
	</appender>
	
	<appender name="CUSTOM_ASYNC_LOGGER" class="ch.qos.logback.classic.AsyncAppender">
		<appender-ref ref="CUSTOM_FILE_LOGGER" />
	</appender>
</included>